match_id,home_team,away_team,home_score,away_score,match_date,eu_home_odds,eu_draw_odds,eu_away_odds,eu_bookmaker,ou_line,ou_over_odds,ou_under_odds,ou_expected_goals,ou_bookmaker,ah_handicap,ah_home_odds,ah_away_odds,ah_bookmaker,kelly_home,kelly_draw,kelly_away,kelly_has_value,hot_cold_home,hot_cold_draw,hot_cold_away,hot_cold_has_value,betfair_home,betfair_draw,betfair_away,betfair_has_value
1,AFC Bournemouth,Leeds United FC,2,2,2026-04-22T19:00:00,2.64,4.12,3.04,Calculated-V2,3.5,1.55,3.28,3.5,Calculated-V2,-1.25,2.01,1.89,Calculated-V2,0.0318,0.0167,0.0256,True,1.205,0.8503,1.0626,False,0.8707,0.7293,0.9097,True
2,Burnley FC,Manchester City FC,0,1,2026-04-22T19:00:00,4.67,4.46,1.95,Calculated-V2,3.0,1.77,2.61,3.09,Calculated-V2,3.0,1.55,2.35,Calculated-V2,0.014,0.0148,0.054,True,0.8603,0.8878,1.8523,False,0.8662,0.7128,1.0953,True
3,Sunderland AFC,Nottingham Forest FC,0,5,2026-04-24T19:00:00,2.87,4.07,2.81,Calculated-V2,2.75,1.59,3.12,2.86,Calculated-V2,-0.5,1.9,2.0,Calculated-V2,0.0281,0.0171,0.0291,True,1.108,0.8912,1.3262,False,0.9723,0.6298,1.2295,True
4,Fulham FC,Aston Villa FC,1,0,2026-04-25T11:30:00,2.89,4.08,2.79,Calculated-V2,2.25,1.95,2.28,2.31,Calculated-V2,0.75,1.96,1.94,Calculated-V2,0.0281,0.0173,0.0297,True,1.3116,0.7048,1.2014,True,0.9707,0.8221,1.0461,False
5,Liverpool FC,Crystal Palace FC,3,1,2026-04-25T14:00:00,2.41,4.21,3.36,Calculated-V2,3.25,2.13,2.08,3.13,Calculated-V2,-2.0,2.15,1.75,Calculated-V2,0.0373,0.0164,0.0223,True,1.5041,0.7406,0.997,True,0.9051,0.7681,0.8677,True
6,West Ham United FC,Everton FC,2,1,2026-04-25T14:00:00,2.93,4.09,2.75,Calculated-V2,2.75,1.68,2.82,2.69,Calculated-V2,0.75,1.96,1.94,Calculated-V2,0.0276,0.0172,0.0304,True,1.1261,0.7315,1.2213,True,0.9362,0.8102,1.0262,False
7,Wolverhampton Wanderers FC,Tottenham Hotspur FC,0,1,2026-04-25T14:00:00,3.71,4.29,2.23,Calculated-V2,2.0,1.69,2.79,2.11,Calculated-V2,2.0,1.75,2.15,Calculated-V2,0.019,0.0156,0.0418,True,0.7463,0.7994,1.2519,True,0.918,0.7744,1.2102,True
8,Arsenal FC,Newcastle United FC,1,0,2026-04-25T16:30:00,2.29,4.26,3.59,Calculated-V2,3.25,2.12,2.09,3.14,Calculated-V2,-3.0,2.35,1.55,Calculated-V2,0.0408,0.0162,0.0203,True,1.1985,0.7191,1.0543,True,0.753,0.8811,1.0773,True
9,Manchester United FC,Brentford FC,2,1,2026-04-27T19:00:00,2.47,4.19,3.27,Calculated-V2,3.5,1.49,3.58,3.65,Calculated-V2,-2.25,2.2,1.7,Calculated-V2,0.0363,0.0167,0.0235,True,1.2804,0.7513,1.0907,True,0.8762,0.9658,1.3075,False
10,Leeds United FC,Burnley FC,3,1,2026-05-01T19:00:00,2.16,4.33,3.91,Calculated-V2,2.75,1.65,2.9,2.74,Calculated-V2,-3.0,2.35,1.55,Calculated-V2,0.0457,0.0159,0.0182,True,1.4551,0.7535,0.7469,True,0.8896,0.8456,1.0173,False
11,Brentford FC,West Ham United FC,3,0,2026-05-02T14:00:00,2.37,4.23,3.43,Calculated-V2,3.25,2.04,2.18,3.24,Calculated-V2,-2.25,2.2,1.7,Calculated-V2,0.0385,0.0163,0.0217,True,1.155,0.7425,1.0403,True,1.033,0.8244,1.049,False
12,Newcastle United FC,Brighton & Hove Albion FC,3,1,2026-05-02T14:00:00,2.74,4.09,2.93,Calculated-V2,3.5,1.49,3.57,3.65,Calculated-V2,-0.25,1.88,2.02,Calculated-V2,0.0298,0.0168,0.0268,True,1.1753,0.77,1.3485,True,1.0117,0.7439,1.0465,True
13,Wolverhampton Wanderers FC,Sunderland AFC,1,1,2026-05-02T14:00:00,3.72,4.29,2.23,Calculated-V2,2.5,1.53,3.37,2.38,Calculated-V2,3.0,1.55,2.35,Calculated-V2,0.0192,0.0159,0.0425,True,1.0602,0.7792,1.6552,True,1.0834,0.7186,1.0239,True
14,Arsenal FC,Fulham FC,3,0,2026-05-02T16:30:00,2.26,4.28,3.66,Calculated-V2,3.0,1.8,2.53,3.03,Calculated-V2,-3.0,2.35,1.55,Calculated-V2,0.0423,0.0163,0.0201,True,1.3143,0.8122,0.8066,False,1.0094,0.6761,0.8398,True
15,AFC Bournemouth,Crystal Palace FC,3,0,2026-05-03T13:00:00,2.46,4.19,3.28,Calculated-V2,3.0,1.82,2.5,3.01,Calculated-V2,-1.75,2.1,1.8,Calculated-V2,0.036,0.0165,0.0231,True,1.4185,0.8777,1.0436,False,0.7349,0.754,1.4034,True
16,Manchester United FC,Liverpool FC,3,2,2026-05-03T14:30:00,2.57,4.15,3.13,Calculated-V2,3.5,1.27,6.06,4.5,Calculated-V2,-1.5,2.05,1.85,Calculated-V2,0.0338,0.0169,0.0249,True,1.1792,0.94,0.9974,False,0.9809,0.6298,1.0318,True
17,Aston Villa FC,Tottenham Hotspur FC,1,2,2026-05-03T18:00:00,2.57,4.15,3.13,Calculated-V2,3.5,1.47,3.72,3.71,Calculated-V2,-2.5,2.25,1.65,Calculated-V2,0.0338,0.0169,0.0249,True,1.1036,0.8266,1.0931,False,0.9133,0.727,0.9768,True
18,Chelsea FC,Nottingham Forest FC,1,3,2026-05-04T14:00:00,2.75,4.09,2.93,Calculated-V2,3.5,1.37,4.57,4.05,Calculated-V2,-1.0,1.97,1.93,Calculated-V2,0.0304,0.0172,0.0276,True,1.1909,0.7939,1.1477,True,0.9059,0.6487,1.5262,True
19,Everton FC,Manchester City FC,3,3,2026-05-04T19:00:00,3.34,4.2,2.42,Calculated-V2,3.5,1.43,3.97,3.82,Calculated-V2,3.0,1.55,2.35,Calculated-V2,0.0222,0.0162,0.0365,True,0.8254,0.6758,1.4659,True,0.8367,0.5994,1.3726,True
20,Liverpool FC,Chelsea FC,1,1,2026-05-09T11:30:00,2.7,4.1,2.97,Calculated-V2,3.5,1.54,3.32,3.52,Calculated-V2,-1.0,1.97,1.93,Calculated-V2,0.0303,0.0166,0.0262,True,1.4476,0.952,1.1249,False,1.0002,0.6669,1.0165,True
21,Sunderland AFC,Manchester United FC,0,0,2026-05-09T14:00:00,3.15,4.15,2.55,Calculated-V2,1.75,1.65,2.9,1.6,Calculated-V2,1.5,1.85,2.05,Calculated-V2,0.0242,0.0165,0.0335,True,0.9388,0.8752,1.5165,False,0.8671,0.7986,1.2272,True
22,Brighton & Hove Albion FC,Wolverhampton Wanderers FC,3,0,2026-05-09T14:00:00,2.01,4.42,4.4,Calculated-V2,3.0,1.76,2.62,3.1,Calculated-V2,-3.0,2.35,1.55,Calculated-V2,0.051,0.0151,0.0151,True,1.8778,0.6962,0.8294,True,0.9214,0.7235,1.2281,True
23,Fulham FC,AFC Bournemouth,0,1,2026-05-09T14:00:00,3.1,4.14,2.59,Calculated-V2,2.25,1.92,2.33,2.35,Calculated-V2,0.75,1.96,1.94,Calculated-V2,0.0249,0.0167,0.0329,True,0.8955,0.9159,1.2016,False,0.9702,0.6908,1.0755,True
24,Manchester City FC,Brentford FC,3,0,2026-05-09T16:30:00,2.33,4.24,3.5,Calculated-V2,3.5,1.36,4.65,4.08,Calculated-V2,-3.0,2.35,1.55,Calculated-V2,0.039,0.016,0.0207,True,1.2938,0.6629,0.8787,True,0.959,0.5822,1.1735,True
25,Crystal Palace FC,Everton FC,2,2,2026-05-10T13:00:00,2.9,4.08,2.77,Calculated-V2,3.25,1.98,2.25,3.31,Calculated-V2,0.25,2.02,1.88,Calculated-V2,0.0272,0.0168,0.0291,True,1.3631,0.8711,1.3335,False,0.9285,0.8224,1.0734,False
26,Burnley FC,Aston Villa FC,2,2,2026-05-10T13:00:00,3.83,4.31,2.19,Calculated-V2,2.5,1.48,3.64,2.49,Calculated-V2,3.0,1.55,2.35,Calculated-V2,0.0187,0.016,0.0445,True,0.9028,0.8472,1.49,False,0.9315,0.7912,0.871,True
27,Nottingham Forest FC,Newcastle United FC,1,1,2026-05-10T13:00:00,2.91,4.08,2.77,Calculated-V2,2.5,1.52,3.43,2.41,Calculated-V2,0.25,2.02,1.88,Calculated-V2,0.0277,0.0172,0.0299,True,1.0838,0.9463,1.0176,False,1.0015,0.7012,0.9681,True
28,West Ham United FC,Arsenal FC,0,1,2026-05-10T15:30:00,3.96,4.34,2.14,Calculated-V2,2.75,1.63,2.97,2.78,Calculated-V2,3.0,1.55,2.35,Calculated-V2,0.0177,0.0157,0.0459,True,0.6349,0.6803,1.5148,True,0.9962,0.6711,1.0344,True
29,Tottenham Hotspur FC,Leeds United FC,1,1,2026-05-11T19:00:00,2.95,4.09,2.73,Calculated-V2,2.75,1.61,3.03,2.81,Calculated-V2,0.5,2.0,1.9,Calculated-V2,0.0271,0.0171,0.0306,True,1.1423,0.8373,1.0131,False,0.8297,0.7445,1.2015,True
30,Manchester City FC,Crystal Palace FC,3,0,2026-05-13T19:00:00,2.21,4.3,3.76,Calculated-V2,3.5,1.38,4.44,4.01,Calculated-V2,-3.0,2.35,1.55,Calculated-V2,0.0426,0.0156,0.0187,True,1.5283,0.7384,0.8388,True,0.8813,0.7304,1.2134,True
31,Aston Villa FC,Liverpool FC,4,2,2026-05-15T19:00:00,2.68,4.11,3.0,Calculated-V2,3.5,1.32,5.25,4.27,Calculated-V2,-0.75,1.94,1.96,Calculated-V2,0.0315,0.017,0.0264,True,1.1163,0.9262,0.9329,False,0.827,0.9839,1.1111,False
32,Manchester United FC,Nottingham Forest FC,3,2,2026-05-17T11:30:00,2.34,4.24,3.49,Calculated-V2,3.5,1.22,7.6,4.84,Calculated-V2,-3.0,2.35,1.55,Calculated-V2,0.0395,0.0163,0.0213,True,1.2529,0.752,0.813,True,0.8894,0.9264,1.0766,False
33,Brentford FC,Crystal Palace FC,2,2,2026-05-17T14:00:00,2.62,4.13,3.06,Calculated-V2,3.25,1.98,2.24,3.3,Calculated-V2,-1.25,2.01,1.89,Calculated-V2,0.0321,0.0166,0.0252,True,1.2362,0.7762,1.0185,True,0.9687,0.6864,1.3127,True
34,Everton FC,Sunderland AFC,1,3,2026-05-17T14:00:00,2.91,4.08,2.77,Calculated-V2,3.5,1.54,3.31,3.52,Calculated-V2,0.0,1.85,2.05,Calculated-V2,0.0277,0.0172,0.0299,True,0.9515,0.9784,1.3753,False,0.9847,0.7029,1.0947,True
35,Leeds United FC,Brighton & Hove Albion FC,1,0,2026-05-17T14:00:00,2.79,4.07,2.88,Calculated-V2,3.0,1.85,2.44,2.96,Calculated-V2,0.0,1.85,2.05,Calculated-V2,0.0286,0.0167,0.0272,True,1.2493,0.7759,1.271,True,1.1209,0.6204,1.1927,True
36,Wolverhampton Wanderers FC,Fulham FC,1,1,2026-05-17T14:00:00,3.73,4.29,2.23,Calculated-V2,1.75,1.58,3.14,1.71,Calculated-V2,2.75,1.6,2.3,Calculated-V2,0.0194,0.0161,0.0431,True,0.7018,0.6959,1.5899,True,0.9317,0.823,1.1626,False
37,Newcastle United FC,West Ham United FC,3,1,2026-05-17T16:30:00,2.4,4.21,3.37,Calculated-V2,3.5,1.54,3.33,3.53,Calculated-V2,-2.0,2.15,1.75,Calculated-V2,0.0369,0.0161,0.0218,True,1.2944,0.7981,0.8066,True,0.9756,0.9678,1.181,False
38,Arsenal FC,Burnley FC,1,0,2026-05-18T19:00:00,1.91,4.49,4.9,Calculated-V2,3.0,1.91,2.35,2.89,Calculated-V2,-3.0,2.35,1.55,Calculated-V2,0.0574,0.015,0.0134,True,1.693,0.8715,0.8293,False,0.9378,0.5719,1.059,True
39,AFC Bournemouth,Manchester City FC,1,1,2026-05-19T18:30:00,3.18,4.16,2.53,Calculated-V2,3.5,1.39,4.3,3.95,Calculated-V2,2.25,1.7,2.2,Calculated-V2,0.0241,0.0166,0.0343,True,1.2001,0.7109,1.2019,True,0.7926,0.8978,0.9245,True
40,Chelsea FC,Tottenham Hotspur FC,2,1,2026-05-19T19:15:00,2.42,4.2,3.34,Calculated-V2,3.25,2.12,2.09,3.15,Calculated-V2,-1.75,2.1,1.8,Calculated-V2,0.0365,0.0162,0.0222,True,1.2923,0.8101,1.2296,False,0.8531,0.8372,1.3548,False
51,Elche CF,Club Atlético de Madrid,3,2,2026-04-22T17:00:00,3.12,4.14,2.58,Calculated-V2,3.5,1.54,3.34,3.53,Calculated-V2,2.25,1.7,2.2,Calculated-V2,0.025,0.0169,0.0336,True,1.0666,0.9264,1.2959,False,0.8627,0.7645,1.0647,True
52,Real Sociedad de Fútbol,Getafe CF,0,1,2026-04-22T18:00:00,2.84,4.06,2.85,Calculated-V2,2.5,1.45,3.82,2.56,Calculated-V2,0.0,1.85,2.05,Calculated-V2,0.029,0.0175,0.0289,True,0.9361,0.8621,1.293,False,0.8179,0.6638,1.0278,True
53,FC Barcelona,RC Celta de Vigo,1,0,2026-04-22T19:30:00,2.2,4.31,3.79,Calculated-V2,3.5,1.42,4.1,3.88,Calculated-V2,-3.0,2.35,1.55,Calculated-V2,0.0435,0.0158,0.0187,True,1.3438,0.7334,1.0618,True,0.7904,0.6808,1.5854,True
54,Levante UD,Sevilla FC,2,0,2026-04-23T17:00:00,2.68,4.11,3.0,Calculated-V2,3.5,1.59,3.11,3.41,Calculated-V2,-0.5,1.9,2.0,Calculated-V2,0.0315,0.017,0.0264,True,1.3397,0.7877,0.8907,True,0.7153,0.8512,1.2078,True
55,Rayo Vallecano de Madrid,RCD Espanyol de Barcelona,1,0,2026-04-23T18:00:00,2.64,4.12,3.05,Calculated-V2,2.75,1.67,2.86,2.71,Calculated-V2,-0.75,1.94,1.96,Calculated-V2,0.0325,0.0171,0.026,True,1.0864,0.8821,1.1134,False,0.9981,0.7168,1.2447,True
56,Real Oviedo,Villarreal CF,1,1,2026-04-23T19:30:00,3.87,4.32,2.17,Calculated-V2,2.0,1.83,2.48,1.93,Calculated-V2,3.0,1.55,2.35,Calculated-V2,0.0181,0.0156,0.0443,True,0.6463,0.6451,1.2878,True,1.0474,0.6578,1.1098,True
57,Real Betis Balompié,Real Madrid CF,1,1,2026-04-24T19:00:00,3.18,4.16,2.53,Calculated-V2,3.5,1.51,3.49,3.61,Calculated-V2,2.25,1.7,2.2,Calculated-V2,0.0241,0.0166,0.0343,True,1.1742,0.6672,1.2122,True,0.8577,0.8124,0.9388,False
58,Deportivo Alavés,RCD Mallorca,2,1,2026-04-25T12:00:00,2.6,4.13,3.09,Calculated-V2,2.5,1.44,3.94,2.6,Calculated-V2,-0.75,1.94,1.96,Calculated-V2,0.0326,0.0167,0.025,True,1.1839,0.8478,1.1124,False,0.9014,1.0379,1.1025,False
59,Getafe CF,FC Barcelona,0,2,2026-04-25T14:15:00,3.94,4.34,2.15,Calculated-V2,3.0,1.77,2.6,3.08,Calculated-V2,3.0,1.55,2.35,Calculated-V2,0.0182,0.016,0.0464,True,0.6752,0.8013,1.6859,True,0.9578,0.5893,0.9129,True
60,Valencia CF,Girona FC,2,1,2026-04-25T16:30:00,2.55,4.16,3.16,Calculated-V2,2.0,1.69,2.8,2.11,Calculated-V2,-1.0,1.97,1.93,Calculated-V2,0.0347,0.017,0.0249,True,1.3554,0.7328,1.2017,True,1.0559,0.7611,1.1809,True
61,Club Atlético de Madrid,Athletic Club,3,2,2026-04-25T19:00:00,2.31,4.25,3.54,Calculated-V2,3.25,2.01,2.2,3.26,Calculated-V2,-3.0,2.35,1.55,Calculated-V2,0.0396,0.016,0.0204,True,1.3754,0.8943,0.9362,False,0.8679,0.8726,1.0431,False
62,Rayo Vallecano de Madrid,Real Sociedad de Fútbol,3,3,2026-04-26T12:00:00,2.85,4.06,2.83,Calculated-V2,3.0,1.8,2.54,3.04,Calculated-V2,-0.5,1.9,2.0,Calculated-V2,0.0281,0.017,0.0284,True,1.1784,0.811,1.2693,False,0.9617,0.7771,1.0646,True
63,Real Oviedo,Elche CF,1,2,2026-04-26T14:15:00,3.42,4.22,2.38,Calculated-V2,2.0,1.8,2.54,1.97,Calculated-V2,1.5,1.85,2.05,Calculated-V2,0.022,0.0165,0.0385,True,1.029,0.8962,1.4395,False,0.9297,0.74,1.2647,True
64,CA Osasuna,Sevilla FC,2,1,2026-04-26T16:30:00,2.66,4.11,3.02,Calculated-V2,2.75,1.66,2.86,2.72,Calculated-V2,-0.25,1.88,2.02,Calculated-V2,0.0315,0.0168,0.0258,True,1.2605,0.9352,1.278,False,1.0073,0.6946,1.0832,True
65,Villarreal CF,RC Celta de Vigo,2,1,2026-04-26T19:00:00,2.43,4.2,3.32,Calculated-V2,3.5,1.4,4.26,3.94,Calculated-V2,-2.25,2.2,1.7,Calculated-V2,0.0362,0.0162,0.0223,True,1.4327,0.763,1.1985,True,1.0022,0.6937,1.3183,True
66,RCD Espanyol de Barcelona,Levante UD,0,0,2026-04-27T19:00:00,2.77,4.08,2.91,Calculated-V2,2.5,1.51,3.46,2.42,Calculated-V2,-0.5,1.9,2.0,Calculated-V2,0.0299,0.0172,0.0277,True,1.4154,0.8357,1.1077,False,0.7868,0.7674,1.1539,True
67,Girona FC,RCD Mallorca,0,1,2026-05-01T19:00:00,2.95,4.09,2.73,Calculated-V2,2.0,1.87,2.4,1.89,Calculated-V2,0.0,1.85,2.05,Calculated-V2,0.0271,0.0171,0.0306,True,1.0496,0.6805,1.227,True,0.9394,0.8498,1.1114,False
68,Villarreal CF,Levante UD,5,1,2026-05-02T12:00:00,2.28,4.27,3.6,Calculated-V2,3.5,1.34,4.88,4.16,Calculated-V2,-3.0,2.35,1.55,Calculated-V2,0.0406,0.0159,0.02,True,1.3035,0.9383,0.9624,False,0.7641,0.8683,1.0185,True
69,Valencia CF,Club Atlético de Madrid,0,2,2026-05-02T14:15:00,3.41,4.22,2.38,Calculated-V2,3.0,1.77,2.6,3.08,Calculated-V2,2.25,1.7,2.2,Calculated-V2,0.0217,0.0162,0.0378,True,1.0071,0.811,1.3848,False,0.855,0.6557,1.3035,True
70,Deportivo Alavés,Athletic Club,2,4,2026-05-02T16:30:00,2.94,4.09,2.73,Calculated-V2,3.25,2.11,2.1,3.15,Calculated-V2,0.0,1.85,2.05,Calculated-V2,0.0266,0.0167,0.0298,True,1.2093,0.9364,1.4117,False,0.9235,0.755,1.2994,True
71,CA Osasuna,FC Barcelona,1,2,2026-05-02T19:00:00,3.98,4.34,2.13,Calculated-V2,3.25,1.95,2.29,3.35,Calculated-V2,3.0,1.55,2.35,Calculated-V2,0.0172,0.0154,0.0454,True,1.0489,0.721,1.5524,True,0.9482,0.7448,1.1495,True
72,RC Celta de Vigo,Elche CF,3,1,2026-05-03T12:00:00,2.51,4.17,3.2,Calculated-V2,3.5,1.5,3.56,3.64,Calculated-V2,-1.25,2.01,1.89,Calculated-V2,0.0343,0.0164,0.0236,True,1.3061,0.9629,0.8392,False,0.9303,0.6331,1.3701,True
73,Getafe CF,Rayo Vallecano de Madrid,0,2,2026-05-03T14:15:00,2.98,4.1,2.7,Calculated-V2,2.5,1.51,3.45,2.42,Calculated-V2,-0.25,1.88,2.02,Calculated-V2,0.0267,0.017,0.0311,True,1.0661,0.7416,1.464,True,0.9819,0.7796,0.9181,True
74,Real Betis Balompié,Real Oviedo,3,0,2026-05-03T16:30:00,2.14,4.34,3.98,Calculated-V2,2.5,1.48,3.64,2.49,Calculated-V2,-3.0,2.35,1.55,Calculated-V2,0.0472,0.0161,0.018,True,1.4084,0.8758,0.8207,False,0.9067,0.8338,1.1387,False
75,RCD Espanyol de Barcelona,Real Madrid CF,0,2,2026-05-03T19:00:00,3.71,4.29,2.24,Calculated-V2,2.5,1.44,3.93,2.6,Calculated-V2,3.0,1.55,2.35,Calculated-V2,0.0198,0.0163,0.0433,True,1.1309,0.858,1.6049,False,0.9254,0.9847,1.3891,False
76,Sevilla FC,Real Sociedad de Fútbol,1,0,2026-05-04T19:00:00,2.76,4.08,2.91,Calculated-V2,2.75,1.65,2.89,2.73,Calculated-V2,-0.25,1.88,2.02,Calculated-V2,0.0292,0.0167,0.0269,True,0.9954,0.8289,1.3409,False,0.9444,0.6298,1.049,True
77,Levante UD,CA Osasuna,3,2,2026-05-08T19:00:00,2.68,4.11,3.0,Calculated-V2,3.5,1.46,3.76,3.73,Calculated-V2,-0.5,1.9,2.0,Calculated-V2,0.0315,0.017,0.0264,True,1.0759,0.7405,1.1675,True,0.9034,0.8128,1.0271,False
78,Elche CF,Deportivo Alavés,1,1,2026-05-09T12:00:00,2.78,4.08,2.9,Calculated-V2,2.75,1.61,3.04,2.82,Calculated-V2,-0.25,1.88,2.02,Calculated-V2,0.0298,0.0172,0.0279,True,1.4076,0.7953,1.0961,True,0.7483,0.6357,1.2707,True
79,Sevilla FC,RCD Espanyol de Barcelona,2,1,2026-05-09T14:15:00,2.68,4.11,3.0,Calculated-V2,2.5,1.52,3.44,2.41,Calculated-V2,-0.25,1.88,2.02,Calculated-V2,0.0315,0.017,0.0264,True,1.4501,0.7695,0.9781,True,0.9679,0.7863,1.0871,True
80,Club Atlético de Madrid,RC Celta de Vigo,0,1,2026-05-09T16:30:00,2.67,4.11,3.01,Calculated-V2,2.75,1.59,3.11,2.86,Calculated-V2,-2.0,2.15,1.75,Calculated-V2,0.0315,0.0169,0.0261,True,1.0268,0.8964,1.023,False,0.9117,0.6223,1.4335,True
81,Real Sociedad de Fútbol,Real Betis Balompié,2,2,2026-05-09T19:00:00,2.98,4.1,2.7,Calculated-V2,3.5,1.55,3.27,3.49,Calculated-V2,1.0,1.93,1.97,Calculated-V2,0.0267,0.017,0.0311,True,0.9081,0.7704,1.4442,True,1.0421,0.7639,1.0884,True
82,RCD Mallorca,Villarreal CF,1,1,2026-05-10T12:00:00,3.39,4.21,2.4,Calculated-V2,2.5,1.44,3.93,2.6,Calculated-V2,2.75,1.6,2.3,Calculated-V2,0.0224,0.0167,0.0382,True,0.951,0.8268,1.3936,False,0.8688,0.6963,1.435,True
83,Athletic Club,Valencia CF,0,1,2026-05-10T14:15:00,2.96,4.1,2.72,Calculated-V2,2.75,1.6,3.08,2.84,Calculated-V2,0.25,2.02,1.88,Calculated-V2,0.0272,0.0172,0.031,True,1.2238,0.8999,1.3663,False,0.8316,0.912,1.0984,False
84,Real Oviedo,Getafe CF,0,0,2026-05-10T16:30:00,3.23,4.17,2.5,Calculated-V2,1.75,1.94,2.3,1.27,Calculated-V2,1.75,1.8,2.1,Calculated-V2,0.0239,0.0168,0.0355,True,1.2438,0.7881,1.1455,True,1.0081,0.7314,1.226,True
85,FC Barcelona,Real Madrid CF,2,0,2026-05-10T19:00:00,2.55,4.15,3.15,Calculated-V2,3.5,1.32,5.25,4.27,Calculated-V2,-1.75,2.1,1.8,Calculated-V2,0.0335,0.0165,0.0242,True,1.4637,0.7195,1.11,True,0.8339,0.7145,1.168,True
86,Rayo Vallecano de Madrid,Girona FC,1,1,2026-05-11T19:00:00,2.66,4.12,3.02,Calculated-V2,2.5,1.49,3.57,2.46,Calculated-V2,-1.25,2.01,1.89,Calculated-V2,0.0318,0.0169,0.0262,True,1.2762,0.6853,0.9364,True,0.9765,0.7983,0.8949,True
87,RC Celta de Vigo,Levante UD,2,3,2026-05-12T17:00:00,2.74,4.09,2.94,Calculated-V2,3.5,1.49,3.6,3.66,Calculated-V2,-1.25,2.01,1.89,Calculated-V2,0.0305,0.0172,0.0274,True,1.194,0.8307,1.2776,False,0.7252,0.7703,1.4245,True
88,Real Betis Balompié,Elche CF,2,1,2026-05-12T18:00:00,2.43,4.2,3.33,Calculated-V2,3.5,1.59,3.12,3.41,Calculated-V2,-2.0,2.15,1.75,Calculated-V2,0.0369,0.0165,0.0226,True,1.4355,0.8537,1.0745,False,0.9204,0.7636,1.3537,True
89,CA Osasuna,Club Atlético de Madrid,1,2,2026-05-12T19:30:00,3.45,4.23,2.36,Calculated-V2,3.25,2.05,2.16,3.22,Calculated-V2,2.75,1.6,2.3,Calculated-V2,0.0215,0.0163,0.0387,True,0.8815,0.7351,1.1953,True,0.8637,0.8559,1.1376,False
90,RCD Espanyol de Barcelona,Athletic Club,2,0,2026-05-13T17:00:00,2.66,4.12,3.02,Calculated-V2,2.5,1.44,3.95,2.6,Calculated-V2,-0.5,1.9,2.0,Calculated-V2,0.0318,0.0169,0.0262,True,1.0603,0.8164,0.9196,False,1.0186,0.9365,0.9126,False
91,Villarreal CF,Sevilla FC,2,3,2026-05-13T17:00:00,2.5,4.17,3.22,Calculated-V2,3.5,1.34,4.88,4.16,Calculated-V2,-3.0,2.35,1.55,Calculated-V2,0.0348,0.0165,0.0235,True,1.2619,0.7626,1.1926,True,0.9428,0.6964,1.2161,True
92,Deportivo Alavés,FC Barcelona,1,0,2026-05-13T19:30:00,3.57,4.26,2.3,Calculated-V2,3.5,1.51,3.48,3.6,Calculated-V2,3.0,1.55,2.35,Calculated-V2,0.0206,0.0163,0.0408,True,0.8817,0.7072,1.4867,True,0.8357,0.6215,1.3616,True
93,Getafe CF,RCD Mallorca,3,1,2026-05-13T19:30:00,2.6,4.13,3.09,Calculated-V2,2.0,1.71,2.74,2.08,Calculated-V2,-1.25,2.01,1.89,Calculated-V2,0.0326,0.0167,0.025,True,1.5249,0.8249,0.8612,False,0.8932,0.8059,1.2912,False
94,Valencia CF,Rayo Vallecano de Madrid,1,1,2026-05-14T17:00:00,2.81,4.07,2.87,Calculated-V2,2.5,1.45,3.81,2.55,Calculated-V2,0.0,1.85,2.05,Calculated-V2,0.0291,0.0171,0.0281,True,1.2345,0.7384,1.0327,True,1.0,0.7371,1.2107,True
95,Girona FC,Real Sociedad de Fútbol,1,1,2026-05-14T18:00:00,2.99,4.11,2.69,Calculated-V2,2.25,1.91,2.34,2.35,Calculated-V2,0.5,2.0,1.9,Calculated-V2,0.0267,0.0171,0.0315,True,0.8994,0.7989,1.3472,True,0.8786,0.834,1.0891,False
96,Real Madrid CF,Real Oviedo,2,0,2026-05-14T19:30:00,1.97,4.45,4.61,Calculated-V2,2.75,1.59,3.1,2.86,Calculated-V2,-3.0,2.35,1.55,Calculated-V2,0.0551,0.0155,0.0148,True,1.4814,0.7997,0.9422,True,0.9419,0.6639,1.0057,True
97,Athletic Club,RC Celta de Vigo,1,1,2026-05-17T17:00:00,2.97,4.1,2.7,Calculated-V2,2.0,1.71,2.74,2.08,Calculated-V2,0.5,2.0,1.9,Calculated-V2,0.0262,0.0166,0.0303,True,1.3521,0.8979,1.2385,False,0.9563,0.7994,1.1754,True
98,Club Atlético de Madrid,Girona FC,1,0,2026-05-17T17:00:00,2.25,4.28,3.69,Calculated-V2,2.5,1.43,3.97,2.61,Calculated-V2,-3.0,2.35,1.55,Calculated-V2,0.0429,0.0164,0.0199,True,1.2875,0.7643,1.0999,True,0.9473,0.679,1.2716,True
99,Elche CF,Getafe CF,1,0,2026-05-17T17:00:00,2.66,4.12,3.02,Calculated-V2,2.25,1.95,2.29,2.32,Calculated-V2,0.0,1.85,2.05,Calculated-V2,0.0318,0.0169,0.0262,True,1.1804,0.7463,1.2336,True,0.9233,0.6571,1.3807,True
100,Levante UD,RCD Mallorca,2,0,2026-05-17T17:00:00,2.61,4.13,3.08,Calculated-V2,3.0,1.79,2.55,3.04,Calculated-V2,-0.75,1.94,1.96,Calculated-V2,0.0327,0.0168,0.0253,True,1.4208,0.7585,0.9557,True,0.8258,1.1075,0.964,False
101,Rayo Vallecano de Madrid,Villarreal CF,2,0,2026-05-17T17:00:00,3.09,4.14,2.6,Calculated-V2,2.75,1.58,3.14,2.87,Calculated-V2,1.75,1.8,2.1,Calculated-V2,0.0253,0.0168,0.033,True,1.1521,0.7624,1.3401,True,0.9029,0.7364,1.0083,True
102,Real Sociedad de Fútbol,Valencia CF,3,4,2026-05-17T17:00:00,2.86,4.07,2.82,Calculated-V2,3.5,1.44,3.95,3.82,Calculated-V2,0.0,1.85,2.05,Calculated-V2,0.0283,0.0172,0.0289,True,1.175,0.7858,1.3456,True,0.9751,0.6815,0.9676,True
103,Real Oviedo,Deportivo Alavés,0,1,2026-05-17T17:00:00,3.4,4.22,2.39,Calculated-V2,1.75,1.55,3.29,1.78,Calculated-V2,1.5,1.85,2.05,Calculated-V2,0.0222,0.0165,0.0383,True,0.8524,0.9524,1.6206,False,0.9475,0.7294,1.2054,True
104,CA Osasuna,RCD Espanyol de Barcelona,1,2,2026-05-17T17:00:00,2.94,4.09,2.74,Calculated-V2,2.5,1.48,3.65,2.5,Calculated-V2,0.0,1.85,2.05,Calculated-V2,0.0274,0.0172,0.0305,True,1.0784,0.7424,1.1853,True,0.9571,0.9571,0.9829,False
105,Sevilla FC,Real Madrid CF,0,1,2026-05-17T17:00:00,3.73,4.29,2.23,Calculated-V2,2.75,1.62,3.02,2.81,Calculated-V2,3.0,1.55,2.35,Calculated-V2,0.0194,0.0161,0.0431,True,0.7895,0.7213,1.2949,True,0.9586,0.7902,1.3192,True
106,FC Barcelona,Real Betis Balompié,3,1,2026-05-17T19:15:00,2.27,4.27,3.63,Calculated-V2,3.5,1.31,5.39,4.32,Calculated-V2,-3.0,2.35,1.55,Calculated-V2,0.0413,0.016,0.0199,True,1.604,0.7917,0.812,True,0.9568,0.7041,1.1429,True
117,RB Leipzig,1. FC Union Berlin,3,1,2026-04-24T18:30:00,2.27,4.27,3.63,Calculated-V2,3.5,1.3,5.49,4.35,Calculated-V2,-3.0,2.35,1.55,Calculated-V2,0.0413,0.016,0.0199,True,1.2705,0.7519,0.8832,True,1.0802,0.7737,0.9564,True
118,1. FSV Mainz 05,FC Bayern München,3,4,2026-04-25T13:30:00,4.14,4.37,2.08,Calculated-V2,3.5,1.2,8.64,5.03,Calculated-V2,3.0,1.55,2.35,Calculated-V2,0.0164,0.0152,0.0476,True,0.9394,0.8245,1.7609,False,1.0133,0.8778,1.0239,False
119,1. FC Köln,Bayer 04 Leverkusen,1,2,2026-04-25T13:30:00,3.59,4.26,2.29,Calculated-V2,3.25,2.04,2.18,3.24,Calculated-V2,2.75,1.6,2.3,Calculated-V2,0.0203,0.0162,0.0408,True,1.1125,0.9434,1.2712,False,0.849,0.7268,1.318,True
120,FC Augsburg,Eintracht Frankfurt,1,1,2026-04-25T13:30:00,2.9,4.08,2.78,Calculated-V2,3.5,1.48,3.64,3.68,Calculated-V2,0.0,1.85,2.05,Calculated-V2,0.0279,0.0172,0.0298,True,1.0611,0.6909,1.024,True,1.0199,0.5875,1.2614,True
121,VfL Wolfsburg,Borussia Mönchengladbach,0,0,2026-04-25T13:30:00,2.98,4.1,2.7,Calculated-V2,1.75,1.59,3.11,1.7,Calculated-V2,0.75,1.96,1.94,Calculated-V2,0.0267,0.017,0.0311,True,1.0914,0.8871,1.2687,False,1.0367,0.5811,1.1765,True
122,1. FC Heidenheim 1846,FC St. Pauli 1910,2,0,2026-04-25T13:30:00,2.56,4.15,3.15,Calculated-V2,2.0,1.77,2.59,2.0,Calculated-V2,-0.5,1.9,2.0,Calculated-V2,0.0344,0.017,0.025,True,1.2071,0.858,1.0514,False,0.8967,0.84,1.0203,False
123,Hamburger SV,TSG 1899 Hoffenheim,1,2,2026-04-25T16:30:00,3.48,4.24,2.34,Calculated-V2,3.5,1.6,3.09,3.39,Calculated-V2,2.25,1.7,2.2,Calculated-V2,0.021,0.0161,0.0388,True,1.2159,0.9214,1.3302,False,0.9974,0.6936,1.0621,True
124,VfB Stuttgart,SV Werder Bremen,1,1,2026-04-26T13:30:00,2.24,4.29,3.69,Calculated-V2,3.25,1.98,2.25,3.31,Calculated-V2,-3.0,2.35,1.55,Calculated-V2,0.042,0.0158,0.0193,True,1.4462,0.9348,0.9196,False,0.8045,0.7831,1.0627,True
125,Borussia Dortmund,SC Freiburg,4,0,2026-04-26T15:30:00,2.3,4.26,3.56,Calculated-V2,3.5,1.25,6.69,4.65,Calculated-V2,-3.0,2.35,1.55,Calculated-V2,0.0401,0.016,0.0204,True,1.4556,0.7524,1.1431,True,0.8801,0.9192,0.8565,False
126,TSG 1899 Hoffenheim,VfB Stuttgart,3,3,2026-05-02T13:30:00,2.86,4.07,2.82,Calculated-V2,3.5,1.25,6.66,4.64,Calculated-V2,-0.25,1.88,2.02,Calculated-V2,0.0283,0.0172,0.0289,True,1.1078,0.9341,1.3572,False,0.7807,0.7096,1.4348,True
127,SV Werder Bremen,FC Augsburg,1,3,2026-05-02T13:30:00,3.19,4.17,2.52,Calculated-V2,2.25,1.93,2.32,2.34,Calculated-V2,1.0,1.93,1.97,Calculated-V2,0.024,0.0166,0.0345,True,1.0337,0.9473,1.1452,False,0.7058,0.7133,1.1652,True
128,FC Bayern München,1. FC Heidenheim 1846,3,3,2026-05-02T13:30:00,1.94,4.47,4.73,Calculated-V2,3.5,1.2,10.0,6.06,Calculated-V2,-3.0,2.35,1.55,Calculated-V2,0.0553,0.015,0.0139,True,1.5956,0.6453,0.6894,True,0.9795,0.639,1.2516,True
129,1. FC Union Berlin,1. FC Köln,2,2,2026-05-02T13:30:00,2.68,4.11,2.99,Calculated-V2,3.5,1.37,4.59,4.06,Calculated-V2,-1.0,1.97,1.93,Calculated-V2,0.0307,0.0166,0.026,True,1.2599,0.7008,1.0816,True,0.8435,0.7869,1.2744,True
130,Eintracht Frankfurt,Hamburger SV,1,2,2026-05-02T13:30:00,2.73,4.09,2.95,Calculated-V2,3.25,1.96,2.27,3.33,Calculated-V2,-0.75,1.94,1.96,Calculated-V2,0.0306,0.0171,0.0271,True,1.3919,0.8065,1.2933,False,0.939,0.9388,1.1027,False
131,Bayer 04 Leverkusen,RB Leipzig,4,1,2026-05-02T16:30:00,2.73,4.09,2.94,Calculated-V2,3.5,1.33,5.0,4.2,Calculated-V2,0.0,1.85,2.05,Calculated-V2,0.0298,0.0167,0.0266,True,1.2128,0.7022,1.3542,True,0.9689,0.7673,1.0404,True
132,FC St. Pauli 1910,1. FSV Mainz 05,1,2,2026-05-03T13:30:00,3.41,4.22,2.38,Calculated-V2,2.75,1.64,2.93,2.76,Calculated-V2,1.75,1.8,2.1,Calculated-V2,0.0217,0.0162,0.0378,True,0.912,0.8021,1.4418,False,0.9431,0.7253,1.1516,True
133,Borussia Mönchengladbach,Borussia Dortmund,1,0,2026-05-03T15:30:00,3.35,4.21,2.42,Calculated-V2,3.5,1.42,4.08,3.87,Calculated-V2,3.0,1.55,2.35,Calculated-V2,0.0227,0.0167,0.0376,True,0.823,0.958,1.1531,False,1.1293,0.7029,0.949,True
134,SC Freiburg,VfL Wolfsburg,1,1,2026-05-03T17:30:00,2.44,4.2,3.31,Calculated-V2,3.5,1.35,4.73,4.11,Calculated-V2,-2.0,2.15,1.75,Calculated-V2,0.0365,0.0164,0.0228,True,1.4906,0.7797,1.2482,True,0.8552,0.8566,1.3227,False
135,Borussia Dortmund,Eintracht Frankfurt,3,2,2026-05-08T18:30:00,2.29,4.26,3.58,Calculated-V2,3.5,1.2,8.6,5.03,Calculated-V2,-3.0,2.35,1.55,Calculated-V2,0.0402,0.0159,0.0201,True,1.2869,0.8058,0.9125,False,0.8453,0.8829,0.8632,False
136,VfB Stuttgart,Bayer 04 Leverkusen,3,1,2026-05-09T13:30:00,2.64,4.12,3.04,Calculated-V2,3.5,1.32,5.24,4.27,Calculated-V2,-0.75,1.94,1.96,Calculated-V2,0.0318,0.0167,0.0256,True,1.3527,0.8093,1.1179,False,0.8315,0.7809,1.1582,True
137,TSG 1899 Hoffenheim,SV Werder Bremen,1,0,2026-05-09T13:30:00,2.18,4.32,3.84,Calculated-V2,3.25,2.11,2.1,3.15,Calculated-V2,-3.0,2.35,1.55,Calculated-V2,0.044,0.0156,0.0183,True,1.4134,0.6577,0.7945,True,0.71,0.9153,1.1084,True
138,FC Augsburg,Borussia Mönchengladbach,3,1,2026-05-09T13:30:00,2.59,4.14,3.1,Calculated-V2,3.0,1.89,2.38,2.92,Calculated-V2,-1.0,1.97,1.93,Calculated-V2,0.0329,0.0167,0.0249,True,1.1029,0.8479,1.1277,False,0.9043,0.6737,1.1115,True
139,RB Leipzig,FC St. Pauli 1910,2,1,2026-05-09T13:30:00,2.04,4.4,4.31,Calculated-V2,3.5,1.6,3.07,3.38,Calculated-V2,-3.0,2.35,1.55,Calculated-V2,0.0512,0.0156,0.0161,True,1.3854,0.6768,1.0114,True,1.0421,0.8102,0.9037,False
140,VfL Wolfsburg,FC Bayern München,0,1,2026-05-09T16:30:00,4.67,4.46,1.96,Calculated-V2,3.5,1.42,4.09,3.87,Calculated-V2,3.0,1.55,2.35,Calculated-V2,0.0148,0.0157,0.0565,True,0.6517,0.7334,1.6082,True,1.1261,0.7626,0.7904,True
141,Hamburger SV,SC Freiburg,3,2,2026-05-10T13:30:00,2.87,4.07,2.81,Calculated-V2,3.25,2.06,2.16,3.21,Calculated-V2,0.5,2.0,1.9,Calculated-V2,0.0281,0.0171,0.0291,True,1.0155,0.8239,1.0589,False,1.1324,0.8075,1.1486,False
142,1. FC Köln,1. FC Heidenheim 1846,1,3,2026-05-10T15:30:00,2.7,4.1,2.98,Calculated-V2,3.5,1.53,3.38,3.55,Calculated-V2,-0.75,1.94,1.96,Calculated-V2,0.0311,0.017,0.0267,True,1.214,0.7083,1.3103,True,1.1224,0.753,1.0372,True
143,1. FSV Mainz 05,1. FC Union Berlin,1,3,2026-05-10T17:30:00,2.89,4.08,2.78,Calculated-V2,3.5,1.5,3.53,3.62,Calculated-V2,-0.25,1.88,2.02,Calculated-V2,0.0274,0.0168,0.0291,True,0.94,0.7445,1.0804,True,0.8129,0.8407,1.0422,False
144,SV Werder Bremen,Borussia Dortmund,0,2,2026-05-16T13:30:00,4.01,4.35,2.13,Calculated-V2,2.5,1.46,3.77,2.54,Calculated-V2,3.0,1.55,2.35,Calculated-V2,0.0179,0.0161,0.0478,True,0.845,0.8147,1.3417,False,0.9877,0.7075,1.0628,True
145,1. FC Heidenheim 1846,1. FSV Mainz 05,0,2,2026-05-16T13:30:00,3.32,4.2,2.44,Calculated-V2,3.0,1.86,2.42,2.95,Calculated-V2,1.5,1.85,2.05,Calculated-V2,0.0231,0.0167,0.0372,True,1.0093,0.9525,1.2884,False,0.9875,0.7829,1.0508,True
146,SC Freiburg,RB Leipzig,4,1,2026-05-16T13:30:00,3.0,4.11,2.68,Calculated-V2,3.5,1.4,4.26,3.94,Calculated-V2,1.5,1.85,2.05,Calculated-V2,0.0264,0.017,0.0315,True,0.9907,0.7912,1.4719,True,0.8309,0.771,1.3657,True
147,Eintracht Frankfurt,VfB Stuttgart,2,2,2026-05-16T13:30:00,3.14,4.15,2.56,Calculated-V2,3.5,1.31,5.3,4.29,Calculated-V2,1.75,1.8,2.1,Calculated-V2,0.0246,0.0167,0.0337,True,0.8669,0.809,1.3359,False,0.9617,0.7098,1.4216,True
148,FC St. Pauli 1910,VfL Wolfsburg,1,3,2026-05-16T13:30:00,3.11,4.14,2.58,Calculated-V2,2.75,1.63,2.97,2.78,Calculated-V2,0.5,2.0,1.9,Calculated-V2,0.0246,0.0165,0.0328,True,0.9371,0.8128,1.5175,False,0.976,0.6361,1.16,True
149,1. FC Union Berlin,FC Augsburg,4,0,2026-05-16T13:30:00,2.72,4.1,2.96,Calculated-V2,3.5,1.39,4.38,3.98,Calculated-V2,0.0,1.85,2.05,Calculated-V2,0.031,0.0172,0.0272,True,1.1154,0.7052,0.9877,True,0.8983,0.8299,0.9464,False
150,Borussia Mönchengladbach,TSG 1899 Hoffenheim,4,0,2026-05-16T13:30:00,3.12,4.14,2.58,Calculated-V2,3.5,1.46,3.77,3.74,Calculated-V2,1.75,1.8,2.1,Calculated-V2,0.025,0.0169,0.0336,True,1.2171,0.8522,1.2885,False,0.6898,0.7748,1.1113,True
151,FC Bayern München,1. FC Köln,5,1,2026-05-16T13:30:00,1.97,4.45,4.59,Calculated-V2,3.5,1.2,10.0,5.45,Calculated-V2,-3.0,2.35,1.55,Calculated-V2,0.054,0.0152,0.0146,True,1.7965,0.8685,0.5543,True,1.0166,0.7655,1.0159,True
152,Bayer 04 Leverkusen,Hamburger SV,1,1,2026-05-16T13:30:00,2.38,4.22,3.41,Calculated-V2,3.5,1.37,4.51,4.03,Calculated-V2,-2.5,2.25,1.65,Calculated-V2,0.0378,0.0162,0.0217,True,1.2047,0.875,0.7991,True,0.8744,0.6146,1.0868,True
153,SSC Napoli,US Cremonese,4,0,2026-04-24T18:45:00,2.13,4.34,3.98,Calculated-V2,3.5,1.58,3.15,3.43,Calculated-V2,-3.0,2.35,1.55,Calculated-V2,0.0454,0.0154,0.0172,True,1.6217,0.8429,0.6929,True,0.9274,0.761,0.9932,True
154,Parma Calcio 1913,AC Pisa 1909,1,0,2026-04-25T13:00:00,2.19,4.31,3.82,Calculated-V2,1.75,1.59,3.13,1.71,Calculated-V2,-3.0,2.35,1.55,Calculated-V2,0.0438,0.0158,0.0185,True,1.6035,0.7751,0.7045,True,0.9475,0.7953,1.2366,True
155,Bologna FC 1909,AS Roma,0,2,2026-04-25T16:00:00,3.21,4.17,2.51,Calculated-V2,2.75,1.61,3.04,2.82,Calculated-V2,1.75,1.8,2.1,Calculated-V2,0.0239,0.0167,0.035,True,1.0661,0.7792,1.3377,True,1.0189,0.7569,0.9373,True
156,Hellas Verona FC,US Lecce,0,0,2026-04-25T18:45:00,3.14,4.15,2.56,Calculated-V2,1.75,1.59,3.1,1.69,Calculated-V2,1.25,1.89,2.01,Calculated-V2,0.0246,0.0167,0.0337,True,1.2025,0.7041,1.3667,True,0.9159,0.5826,1.4966,True
157,ACF Fiorentina,US Sassuolo Calcio,0,0,2026-04-26T10:30:00,2.95,4.1,2.72,Calculated-V2,1.75,1.67,2.85,1.58,Calculated-V2,0.5,2.0,1.9,Calculated-V2,0.0267,0.0168,0.0303,True,0.9607,0.9427,1.2964,False,0.7962,0.673,1.1344,True
158,Genoa CFC,Como 1907,0,2,2026-04-26T13:00:00,3.53,4.25,2.32,Calculated-V2,2.5,1.44,3.92,2.59,Calculated-V2,3.0,1.55,2.35,Calculated-V2,0.021,0.0163,0.0402,True,0.7231,0.8353,1.4747,True,0.834,0.8229,1.2193,False
159,Torino FC,FC Internazionale Milano,2,2,2026-04-26T16:00:00,3.68,4.28,2.25,Calculated-V2,3.5,1.3,5.47,4.34,Calculated-V2,3.0,1.55,2.35,Calculated-V2,0.0197,0.0161,0.0423,True,1.1427,0.7382,1.4038,True,1.101,0.8485,1.0005,False
160,AC Milan,Juventus FC,0,0,2026-04-26T18:45:00,2.84,4.06,2.85,Calculated-V2,2.5,1.44,3.95,2.6,Calculated-V2,-0.25,1.88,2.02,Calculated-V2,0.029,0.0175,0.0289,True,1.3275,0.8485,1.0062,False,0.9506,0.9276,1.0302,False
161,Cagliari Calcio,Atalanta BC,3,2,2026-04-27T16:30:00,3.04,4.12,2.65,Calculated-V2,3.5,1.54,3.31,3.52,Calculated-V2,1.5,1.85,2.05,Calculated-V2,0.0263,0.0172,0.0326,True,1.2837,0.7218,1.1402,True,1.0631,0.8038,0.975,False
162,SS Lazio,Udinese Calcio,3,3,2026-04-27T18:45:00,2.82,4.07,2.87,Calculated-V2,3.25,1.94,2.31,3.36,Calculated-V2,-0.25,1.88,2.02,Calculated-V2,0.0297,0.0176,0.0289,True,1.2447,0.7218,1.0798,True,0.9505,0.6771,1.0623,True
163,AC Pisa 1909,US Lecce,1,2,2026-05-01T18:45:00,3.45,4.23,2.36,Calculated-V2,2.0,1.86,2.42,1.9,Calculated-V2,1.75,1.8,2.1,Calculated-V2,0.0215,0.0163,0.0387,True,1.0451,0.7303,1.1646,True,0.8778,0.5469,1.235,True
164,Udinese Calcio,Torino FC,2,0,2026-05-02T13:00:00,2.54,4.16,3.17,Calculated-V2,2.25,2.09,2.12,2.17,Calculated-V2,-1.25,2.01,1.89,Calculated-V2,0.0345,0.0168,0.0245,True,1.3331,0.7954,0.9815,True,1.0082,0.756,1.0827,True
165,Como 1907,SSC Napoli,0,0,2026-05-02T16:00:00,2.82,4.07,2.86,Calculated-V2,3.0,1.88,2.4,2.93,Calculated-V2,0.0,1.85,2.05,Calculated-V2,0.0289,0.0172,0.0283,True,1.3385,0.9341,1.1557,False,0.7811,0.794,1.3811,True
166,Atalanta BC,Genoa CFC,0,0,2026-05-02T18:45:00,2.5,4.17,3.22,Calculated-V2,1.75,1.78,2.57,1.44,Calculated-V2,-2.0,2.15,1.75,Calculated-V2,0.0348,0.0165,0.0235,True,1.3264,0.7512,1.0342,True,0.795,0.9269,1.3434,True
167,Bologna FC 1909,Cagliari Calcio,0,0,2026-05-03T10:30:00,2.53,4.16,3.18,Calculated-V2,1.75,1.89,2.37,1.32,Calculated-V2,-1.75,2.1,1.8,Calculated-V2,0.0343,0.0166,0.0241,True,1.415,0.9644,0.8853,False,1.0075,0.8732,1.2063,False
168,US Sassuolo Calcio,AC Milan,2,0,2026-05-03T13:00:00,2.99,4.11,2.69,Calculated-V2,3.25,2.06,2.15,3.21,Calculated-V2,1.75,1.8,2.1,Calculated-V2,0.0267,0.0171,0.0315,True,1.0995,0.8842,1.2234,False,0.837,0.7281,1.1433,True
169,Juventus FC,Hellas Verona FC,1,1,2026-05-03T16:00:00,2.03,4.41,4.34,Calculated-V2,2.25,2.12,2.09,2.14,Calculated-V2,-3.0,2.35,1.55,Calculated-V2,0.0513,0.0155,0.0158,True,1.8317,0.6667,1.0146,True,1.1461,0.746,0.9229,True
170,FC Internazionale Milano,Parma Calcio 1913,2,0,2026-05-03T18:45:00,2.07,4.38,4.18,Calculated-V2,2.75,1.65,2.92,2.75,Calculated-V2,-3.0,2.35,1.55,Calculated-V2,0.0485,0.0154,0.0163,True,1.7249,0.7233,0.9069,True,0.7807,0.78,1.1763,True
171,US Cremonese,SS Lazio,1,2,2026-05-04T16:30:00,3.33,4.2,2.43,Calculated-V2,2.75,1.64,2.93,2.75,Calculated-V2,1.5,1.85,2.05,Calculated-V2,0.0226,0.0165,0.0369,True,0.8613,0.6691,1.3094,True,0.8588,0.8426,1.3191,False
172,AS Roma,ACF Fiorentina,4,0,2026-05-04T18:45:00,2.28,4.27,3.62,Calculated-V2,3.5,1.44,3.94,3.81,Calculated-V2,-3.0,2.35,1.55,Calculated-V2,0.042,0.0164,0.0205,True,1.6279,0.75,1.0205,True,0.9288,0.6879,0.9976,True
173,Torino FC,US Sassuolo Calcio,2,1,2026-05-08T18:45:00,2.8,4.07,2.88,Calculated-V2,2.75,1.63,2.99,2.79,Calculated-V2,0.0,1.85,2.05,Calculated-V2,0.0292,0.0171,0.028,True,1.1661,0.8657,0.9109,False,0.8479,0.8306,1.1735,False
174,Cagliari Calcio,Udinese Calcio,0,2,2026-05-09T13:00:00,3.15,4.15,2.55,Calculated-V2,3.5,1.59,3.13,3.42,Calculated-V2,0.75,1.96,1.94,Calculated-V2,0.0242,0.0165,0.0335,True,0.9063,0.9051,1.3917,False,0.9068,0.7802,1.1081,True
175,SS Lazio,FC Internazionale Milano,0,3,2026-05-09T16:00:00,3.66,4.28,2.26,Calculated-V2,3.5,1.39,4.35,3.97,Calculated-V2,3.0,1.55,2.35,Calculated-V2,0.0201,0.0163,0.0423,True,1.0039,0.8768,1.2776,False,0.8837,0.8911,1.1331,False
176,US Lecce,Juventus FC,0,1,2026-05-09T18:45:00,3.83,4.32,2.19,Calculated-V2,1.75,1.66,2.87,1.59,Calculated-V2,3.0,1.55,2.35,Calculated-V2,0.0189,0.0161,0.045,True,1.0351,0.9125,1.6434,False,1.0724,0.6746,0.9923,True
177,Hellas Verona FC,Como 1907,0,1,2026-05-10T10:30:00,4.49,4.43,1.99,Calculated-V2,2.0,1.71,2.75,2.09,Calculated-V2,3.0,1.55,2.35,Calculated-V2,0.0148,0.015,0.0521,True,0.7382,0.7718,1.5629,True,0.8627,0.6221,1.2457,True
178,ACF Fiorentina,Genoa CFC,0,0,2026-05-10T13:00:00,2.8,4.07,2.88,Calculated-V2,1.75,1.97,2.27,1.25,Calculated-V2,-0.25,1.88,2.02,Calculated-V2,0.0292,0.0171,0.028,True,1.0109,0.7643,1.0074,True,0.7935,0.668,1.2519,True
179,US Cremonese,AC Pisa 1909,3,0,2026-05-10T13:00:00,2.24,4.29,3.7,Calculated-V2,2.0,1.71,2.73,2.08,Calculated-V2,-2.25,2.2,1.7,Calculated-V2,0.0426,0.0161,0.0196,True,1.2786,0.8787,0.9279,False,1.0943,0.7129,1.1358,True
180,Parma Calcio 1913,AS Roma,2,3,2026-05-10T16:00:00,3.66,4.28,2.26,Calculated-V2,3.5,1.6,3.09,3.4,Calculated-V2,3.0,1.55,2.35,Calculated-V2,0.0201,0.0163,0.0423,True,1.1173,0.9237,1.5574,False,0.935,0.8575,1.3572,False
181,AC Milan,Atalanta BC,2,3,2026-05-10T18:45:00,2.8,4.07,2.88,Calculated-V2,3.5,1.57,3.18,3.45,Calculated-V2,-1.0,1.97,1.93,Calculated-V2,0.0292,0.0171,0.028,True,1.3531,0.8476,1.1849,False,0.8329,0.6988,1.0726,True
182,SSC Napoli,Bologna FC 1909,2,3,2026-05-11T18:45:00,2.67,4.11,3.01,Calculated-V2,3.5,1.3,5.48,4.34,Calculated-V2,-1.75,2.1,1.8,Calculated-V2,0.0315,0.0169,0.0261,True,1.0837,0.7063,1.236,True,0.919,0.8673,1.3461,False
183,AS Roma,SS Lazio,2,0,2026-05-17T10:00:00,2.39,4.22,3.39,Calculated-V2,3.5,1.45,3.83,3.77,Calculated-V2,-2.5,2.25,1.65,Calculated-V2,0.0376,0.0162,0.0219,True,1.4962,0.6622,0.992,True,0.856,0.6827,1.4262,True
184,Genoa CFC,AC Milan,1,2,2026-05-17T10:00:00,3.46,4.23,2.35,Calculated-V2,2.25,2.01,2.21,2.25,Calculated-V2,2.75,1.6,2.3,Calculated-V2,0.021,0.016,0.0382,True,0.9891,0.786,1.363,True,0.9453,0.7242,0.9738,True
185,Como 1907,Parma Calcio 1913,1,0,2026-05-17T10:00:00,2.21,4.3,3.78,Calculated-V2,1.75,1.56,3.22,1.75,Calculated-V2,-3.0,2.35,1.55,Calculated-V2,0.0439,0.0161,0.0191,True,1.2588,0.6484,0.686,True,0.7823,1.0138,1.0486,True
186,Juventus FC,ACF Fiorentina,0,2,2026-05-17T10:00:00,2.48,4.18,3.25,Calculated-V2,2.25,1.9,2.36,2.37,Calculated-V2,-2.75,2.3,1.6,Calculated-V2,0.0354,0.0165,0.0233,True,1.2639,0.8177,1.1466,False,1.0911,0.6439,1.2019,True
187,AC Pisa 1909,SSC Napoli,0,3,2026-05-17T10:00:00,4.76,4.47,1.94,Calculated-V2,2.25,1.99,2.23,2.27,Calculated-V2,3.0,1.55,2.35,Calculated-V2,0.0142,0.0154,0.0569,True,0.7655,0.7161,1.5785,True,0.9988,0.9596,0.9096,False
188,FC Internazionale Milano,Hellas Verona FC,1,1,2026-05-17T13:00:00,1.92,4.48,4.84,Calculated-V2,3.25,2.07,2.14,3.2,Calculated-V2,-3.0,2.35,1.55,Calculated-V2,0.0564,0.0149,0.0135,True,1.8602,0.8224,0.4641,True,0.963,0.9602,1.0217,False
189,Atalanta BC,Bologna FC 1909,0,1,2026-05-17T16:00:00,2.85,4.06,2.83,Calculated-V2,2.5,1.49,3.57,2.46,Calculated-V2,-0.25,1.88,2.02,Calculated-V2,0.0281,0.017,0.0284,True,1.2419,0.8299,1.0376,False,0.8087,0.7851,0.8971,True
190,Cagliari Calcio,Torino FC,2,1,2026-05-17T18:45:00,2.73,4.09,2.95,Calculated-V2,2.5,1.51,3.45,2.42,Calculated-V2,-0.25,1.88,2.02,Calculated-V2,0.0306,0.0171,0.0271,True,1.3027,0.9677,1.3484,False,0.8928,0.5239,1.2221,True
191,US Sassuolo Calcio,US Lecce,2,3,2026-05-17T18:45:00,2.56,4.15,3.14,Calculated-V2,3.25,2.1,2.11,3.16,Calculated-V2,-1.5,2.05,1.85,Calculated-V2,0.0337,0.0167,0.0246,True,1.3509,0.7651,1.0574,True,0.7659,0.8389,1.3219,True
192,Udinese Calcio,US Cremonese,0,1,2026-05-17T18:45:00,2.56,4.15,3.13,Calculated-V2,2.0,1.75,2.63,2.02,Calculated-V2,-1.75,2.1,1.8,Calculated-V2,0.033,0.0163,0.0241,True,1.4058,0.7677,1.2208,True,0.95,0.7387,1.1567,True
203,Paris Saint-Germain FC,FC Nantes,3,0,2026-04-22T17:00:00,1.95,4.47,4.72,Calculated-V2,3.0,1.75,2.65,3.12,Calculated-V2,-3.0,2.35,1.55,Calculated-V2,0.0573,0.0157,0.0146,True,1.4852,0.6771,0.524,True,1.0772,0.829,0.9189,False
204,Stade Brestois 29,Racing Club de Lens,3,3,2026-04-24T18:45:00,3.44,4.23,2.37,Calculated-V2,3.5,1.39,4.38,3.99,Calculated-V2,3.0,1.55,2.35,Calculated-V2,0.022,0.0166,0.0392,True,1.0,0.9128,1.3007,False,0.8254,0.7546,1.0655,True
205,Olympique Lyonnais,AJ Auxerre,3,2,2026-04-25T13:00:00,2.26,4.28,3.65,Calculated-V2,3.5,1.45,3.84,3.77,Calculated-V2,-3.0,2.35,1.55,Calculated-V2,0.0417,0.016,0.0198,True,1.403,0.822,0.8412,False,0.7964,0.9255,1.027,True
206,Angers SCO,Paris Saint-Germain FC,0,3,2026-04-25T17:00:00,4.02,4.35,2.12,Calculated-V2,3.0,1.9,2.36,2.9,Calculated-V2,3.0,1.55,2.35,Calculated-V2,0.0173,0.0156,0.0467,True,0.6409,0.7939,1.7135,True,0.9496,0.8412,1.0627,False
207,Toulouse FC,AS Monaco FC,2,2,2026-04-25T19:05:00,2.98,4.1,2.7,Calculated-V2,3.5,1.32,5.2,4.26,Calculated-V2,0.75,1.96,1.94,Calculated-V2,0.0267,0.017,0.0311,True,1.2135,0.8634,1.4325,False,1.0265,0.907,1.0223,False
208,FC Lorient,RC Strasbourg Alsace,2,3,2026-04-26T13:00:00,3.12,4.14,2.58,Calculated-V2,3.25,2.02,2.2,3.26,Calculated-V2,1.0,1.93,1.97,Calculated-V2,0.025,0.0169,0.0336,True,1.1041,0.7729,1.1569,True,0.8952,0.676,1.0791,True
209,Le Havre AC,FC Metz,4,4,2026-04-26T15:15:00,2.32,4.25,3.53,Calculated-V2,3.25,2.12,2.09,3.14,Calculated-V2,-2.25,2.2,1.7,Calculated-V2,0.0402,0.0163,0.021,True,1.3067,0.8166,0.8952,False,0.8649,0.6354,1.056,True
210,Paris FC,Lille OSC,0,1,2026-04-26T15:15:00,3.24,4.18,2.49,Calculated-V2,3.25,1.97,2.26,3.32,Calculated-V2,1.75,1.8,2.1,Calculated-V2,0.0238,0.0167,0.0357,True,0.9672,0.6911,1.4314,True,0.8029,0.9702,0.9516,False
211,Stade Rennais FC 1901,FC Nantes,2,1,2026-04-26T15:15:00,2.07,4.38,4.18,Calculated-V2,3.0,1.91,2.34,2.88,Calculated-V2,-3.0,2.35,1.55,Calculated-V2,0.0485,0.0154,0.0163,True,1.4519,0.7297,0.7696,True,1.0848,0.6655,0.9562,True
212,Olympique de Marseille,OGC Nice,1,1,2026-04-26T18:45:00,2.28,4.27,3.6,Calculated-V2,3.5,1.59,3.13,3.42,Calculated-V2,-3.0,2.35,1.55,Calculated-V2,0.0406,0.0159,0.02,True,1.4072,0.7323,0.9716,True,1.0865,0.6826,1.0226,True
213,FC Nantes,Olympique de Marseille,3,0,2026-05-02T13:00:00,3.59,4.26,2.29,Calculated-V2,2.5,1.43,3.98,2.62,Calculated-V2,3.0,1.55,2.35,Calculated-V2,0.0203,0.0162,0.0408,True,1.1158,0.8088,1.4963,False,0.7793,0.8317,1.1614,True
214,Paris Saint-Germain FC,FC Lorient,2,2,2026-05-02T15:00:00,2.34,4.24,3.49,Calculated-V2,3.5,1.24,6.96,4.71,Calculated-V2,-3.0,2.35,1.55,Calculated-V2,0.0395,0.0163,0.0213,True,1.5859,0.9233,0.9696,False,0.7297,0.7507,1.3132,True
215,FC Metz,AS Monaco FC,1,2,2026-05-02T17:00:00,4.34,4.41,2.03,Calculated-V2,3.0,1.8,2.53,3.04,Calculated-V2,3.0,1.55,2.35,Calculated-V2,0.0158,0.0155,0.0513,True,0.6537,0.7881,1.6253,True,0.9448,0.7253,1.2249,True
216,OGC Nice,Racing Club de Lens,1,1,2026-05-02T19:05:00,3.7,4.29,2.24,Calculated-V2,3.25,2.04,2.18,3.23,Calculated-V2,3.0,1.55,2.35,Calculated-V2,0.0196,0.0161,0.0426,True,0.7724,0.7658,1.5159,True,0.8159,0.7689,1.19,True
217,Lille OSC,Le Havre AC,1,1,2026-05-03T13:00:00,2.35,4.24,3.47,Calculated-V2,2.5,1.48,3.62,2.48,Calculated-V2,-2.75,2.3,1.6,Calculated-V2,0.0393,0.0164,0.0215,True,1.1818,0.9493,0.764,True,0.752,0.6885,1.307,True
218,AJ Auxerre,Angers SCO,3,1,2026-05-03T15:15:00,2.63,4.13,3.06,Calculated-V2,3.0,1.8,2.53,3.03,Calculated-V2,-0.5,1.9,2.0,Calculated-V2,0.0329,0.0171,0.026,True,1.1839,0.7148,1.1981,True,0.9745,0.8177,1.329,False
219,Paris FC,Stade Brestois 29,4,0,2026-05-03T15:15:00,2.55,4.15,3.15,Calculated-V2,2.75,1.68,2.82,2.69,Calculated-V2,-1.0,1.97,1.93,Calculated-V2,0.0335,0.0165,0.0242,True,1.257,0.6781,1.0923,True,0.9955,0.5662,1.1523,True
220,RC Strasbourg Alsace,Toulouse FC,1,2,2026-05-03T15:15:00,2.76,4.09,2.92,Calculated-V2,3.5,1.36,4.71,4.1,Calculated-V2,-1.0,1.97,1.93,Calculated-V2,0.0304,0.0173,0.0278,True,1.3525,0.7301,0.9921,True,0.8744,0.8179,1.2143,False
221,Olympique Lyonnais,Stade Rennais FC 1901,4,2,2026-05-03T18:45:00,2.67,4.11,3.01,Calculated-V2,3.5,1.41,4.13,3.89,Calculated-V2,-0.75,1.94,1.96,Calculated-V2,0.0315,0.0169,0.0261,True,1.2646,0.8857,0.9586,False,0.901,0.7866,0.9227,True
222,Racing Club de Lens,FC Nantes,1,0,2026-05-08T18:45:00,1.99,4.43,4.51,Calculated-V2,2.25,2.14,2.08,2.13,Calculated-V2,-3.0,2.35,1.55,Calculated-V2,0.0532,0.0154,0.015,True,1.8697,0.6747,0.7986,True,0.9,0.634,1.013,True
223,Le Havre AC,Olympique de Marseille,0,1,2026-05-10T19:00:00,3.58,4.26,2.3,Calculated-V2,3.0,1.86,2.42,2.95,Calculated-V2,2.5,1.65,2.25,Calculated-V2,0.0209,0.0165,0.0415,True,1.0318,0.9391,1.2289,False,0.8312,0.6787,1.2889,True
224,AJ Auxerre,OGC Nice,2,1,2026-05-10T19:00:00,2.59,4.14,3.1,Calculated-V2,3.25,2.12,2.09,3.14,Calculated-V2,-1.0,1.97,1.93,Calculated-V2,0.0329,0.0167,0.0249,True,1.1294,0.894,1.2188,False,0.8528,0.7698,1.0748,True
225,AS Monaco FC,Lille OSC,0,1,2026-05-10T19:00:00,3.02,4.12,2.66,Calculated-V2,2.5,1.53,3.38,2.38,Calculated-V2,0.75,1.96,1.94,Calculated-V2,0.0262,0.0169,0.0318,True,0.9912,0.8349,1.3721,False,1.0156,0.7598,1.0729,True
226,FC Metz,FC Lorient,0,4,2026-05-10T19:00:00,3.99,4.35,2.13,Calculated-V2,3.0,1.78,2.57,3.06,Calculated-V2,3.0,1.55,2.35,Calculated-V2,0.0176,0.0157,0.0466,True,0.9283,0.9062,1.5175,False,0.8736,0.893,0.9794,False
227,Toulouse FC,Olympique Lyonnais,2,1,2026-05-10T19:00:00,2.92,4.08,2.76,Calculated-V2,3.5,1.6,3.09,3.4,Calculated-V2,1.0,1.93,1.97,Calculated-V2,0.0275,0.0171,0.03,True,1.2543,0.8618,1.2976,False,0.8329,0.6779,1.189,True
228,Paris Saint-Germain FC,Stade Brestois 29,1,0,2026-05-10T19:00:00,2.16,4.33,3.91,Calculated-V2,3.25,2.11,2.1,3.16,Calculated-V2,-3.0,2.35,1.55,Calculated-V2,0.0457,0.0159,0.0182,True,1.533,0.7585,0.8199,True,0.7896,0.9596,1.1147,True
229,Angers SCO,RC Strasbourg Alsace,1,1,2026-05-10T19:00:00,3.3,4.19,2.45,Calculated-V2,2.75,1.7,2.75,2.65,Calculated-V2,1.75,1.8,2.1,Calculated-V2,0.023,0.0165,0.0364,True,0.9411,0.7306,1.28,True,0.8761,0.5844,1.0274,True
230,Stade Rennais FC 1901,Paris FC,2,1,2026-05-10T19:00:00,2.44,4.2,3.31,Calculated-V2,3.5,1.55,3.26,3.49,Calculated-V2,-2.25,2.2,1.7,Calculated-V2,0.0365,0.0164,0.0228,True,1.4683,0.8311,1.0094,False,1.0051,0.7242,1.2684,True
231,Stade Brestois 29,RC Strasbourg Alsace,1,2,2026-05-13T17:00:00,3.28,4.19,2.46,Calculated-V2,3.5,1.54,3.31,3.52,Calculated-V2,1.5,1.85,2.05,Calculated-V2,0.0231,0.0165,0.036,True,1.2284,0.9058,1.1864,False,0.9837,0.8197,1.2071,False
232,Racing Club de Lens,Paris Saint-Germain FC,0,2,2026-05-13T19:00:00,3.04,4.12,2.64,Calculated-V2,3.5,1.52,3.43,3.58,Calculated-V2,0.5,2.0,1.9,Calculated-V2,0.0256,0.0167,0.0318,True,1.0469,0.7833,1.3097,True,0.8945,0.8711,0.8306,False
233,FC Lorient,Le Havre AC,0,2,2026-05-17T19:00:00,2.66,4.12,3.02,Calculated-V2,2.75,1.68,2.81,2.68,Calculated-V2,-1.0,1.97,1.93,Calculated-V2,0.0318,0.0169,0.0262,True,1.2255,0.8299,0.9646,False,1.1006,0.7993,1.2366,True
234,FC Nantes,Toulouse FC,0,0,2026-05-17T19:00:00,3.41,4.22,2.38,Calculated-V2,2.5,1.43,3.96,2.61,Calculated-V2,2.0,1.75,2.15,Calculated-V2,0.0217,0.0162,0.0378,True,0.8101,0.9338,1.3403,False,0.8667,0.6034,1.4749,True
235,Paris FC,Paris Saint-Germain FC,2,1,2026-05-17T19:00:00,3.26,4.18,2.48,Calculated-V2,3.5,1.36,4.69,4.09,Calculated-V2,3.0,1.55,2.35,Calculated-V2,0.0237,0.0168,0.0362,True,1.0745,0.7086,1.4213,True,1.0272,1.0234,0.8794,False
236,OGC Nice,FC Metz,0,0,2026-05-17T19:00:00,2.34,4.24,3.48,Calculated-V2,2.25,1.9,2.36,2.37,Calculated-V2,-1.75,2.1,1.8,Calculated-V2,0.0388,0.0161,0.021,True,1.3516,0.8997,0.8958,False,0.8883,0.6972,1.0689,True
237,Olympique Lyonnais,Racing Club de Lens,0,4,2026-05-17T19:00:00,3.13,4.15,2.57,Calculated-V2,3.5,1.26,6.27,4.55,Calculated-V2,1.0,1.93,1.97,Calculated-V2,0.0249,0.0169,0.0338,True,0.8769,0.686,1.0816,True,1.091,0.5793,0.9952,True
238,Olympique de Marseille,Stade Rennais FC 1901,3,1,2026-05-17T19:00:00,2.64,4.12,3.04,Calculated-V2,3.5,1.38,4.39,3.99,Calculated-V2,-0.75,1.94,1.96,Calculated-V2,0.0318,0.0167,0.0256,True,1.4167,0.7601,0.9741,True,0.8121,0.8222,1.325,False
239,Lille OSC,AJ Auxerre,0,2,2026-05-17T19:00:00,2.45,4.19,3.3,Calculated-V2,2.75,1.65,2.91,2.75,Calculated-V2,-2.75,2.3,1.6,Calculated-V2,0.0364,0.0165,0.023,True,1.3436,0.7454,0.8196,True,0.7712,0.6718,1.5342,True
240,RC Strasbourg Alsace,AS Monaco FC,5,4,2026-05-17T19:00:00,2.67,4.11,3.0,Calculated-V2,3.5,1.2,8.88,5.07,Calculated-V2,-0.5,1.9,2.0,Calculated-V2,0.0307,0.0165,0.0257,True,1.4068,0.9067,1.2763,False,0.8134,0.8872,0.9511,False
241,Stade Brestois 29,Angers SCO,1,1,2026-05-17T19:00:00,2.63,4.12,3.05,Calculated-V2,2.75,1.71,2.74,2.64,Calculated-V2,-0.75,1.94,1.96,Calculated-V2,0.0317,0.0166,0.0252,True,1.1489,0.6906,1.1224,True,0.9537,0.8548,0.9364,False
